1,./aligned2/morgan_freeman/morgan_freeman6.png
1,./aligned2/morgan_freeman/morgan_freeman2.png
1,./aligned2/morgan_freeman/morgan_freeman1.png
1,./aligned2/morgan_freeman/morgan_freeman17.png
1,./aligned2/morgan_freeman/morgan_freeman10.png
1,./aligned2/morgan_freeman/morgan_freeman12.png
1,./aligned2/morgan_freeman/morgan_freeman18.png
1,./aligned2/morgan_freeman/morgan_freeman19.png
1,./aligned2/morgan_freeman/morgan_freeman8.png
1,./aligned2/morgan_freeman/morgan_freeman3.png
1,./aligned2/morgan_freeman/morgan_freeman11.png
1,./aligned2/morgan_freeman/morgan_freeman5.png
1,./aligned2/morgan_freeman/morgan_freeman9.png
1,./aligned2/morgan_freeman/morgan_freeman20.png
1,./aligned2/morgan_freeman/morgan_freeman15.png
1,./aligned2/morgan_freeman/morgan_freeman16.png
1,./aligned2/morgan_freeman/morgan_freeman7.png
1,./aligned2/morgan_freeman/morgan_freeman4.png
1,./aligned2/morgan_freeman/morgan_freeman14.png
1,./aligned2/morgan_freeman/morgan_freeman13.png
2,./aligned2/jisoo/jisoo7.png
2,./aligned2/jisoo/jisoo16.png
2,./aligned2/jisoo/jisoo2.png
2,./aligned2/jisoo/jisoo14.png
2,./aligned2/jisoo/jisoo1.png
2,./aligned2/jisoo/jisoo5.png
2,./aligned2/jisoo/jisoo19.png
2,./aligned2/jisoo/jisoo9.png
2,./aligned2/jisoo/jisoo8.png
2,./aligned2/jisoo/jisoo11.png
2,./aligned2/jisoo/jisoo13.png
2,./aligned2/jisoo/jisoo4.png
2,./aligned2/jisoo/jisoo3.png
2,./aligned2/jisoo/jisoo20.png
2,./aligned2/jisoo/jisoo18.png
2,./aligned2/jisoo/jisoo6.png
2,./aligned2/jisoo/jisoo10.png
2,./aligned2/jisoo/jisoo17.png
2,./aligned2/jisoo/jisoo15.png
2,./aligned2/jisoo/jisoo12.png
3,./aligned2/jennie/jennie7.png
3,./aligned2/jennie/jennie13.png
3,./aligned2/jennie/jennie11.png
3,./aligned2/jennie/jennie18.png
3,./aligned2/jennie/jennie8.png
3,./aligned2/jennie/jennie12.png
3,./aligned2/jennie/jennie19.png
3,./aligned2/jennie/jennie9.png
3,./aligned2/jennie/jennie14.png
3,./aligned2/jennie/jennie16.png
3,./aligned2/jennie/jennie4.png
3,./aligned2/jennie/jennie10.png
3,./aligned2/jennie/jennie15.png
3,./aligned2/jennie/jennie1.png
3,./aligned2/jennie/jennie20.png
3,./aligned2/jennie/jennie2.png
3,./aligned2/jennie/jennie6.png
3,./aligned2/jennie/jennie17.png
3,./aligned2/jennie/jennie3.png
3,./aligned2/jennie/jennie5.png
4,./aligned2/lisa/lisa6.png
4,./aligned2/lisa/lisa12.png
4,./aligned2/lisa/lisa4.png
4,./aligned2/lisa/lisa19.png
4,./aligned2/lisa/lisa7.png
4,./aligned2/lisa/lisa13.png
4,./aligned2/lisa/lisa11.png
4,./aligned2/lisa/lisa2.png
4,./aligned2/lisa/lisa17.png
4,./aligned2/lisa/lisa18.png
4,./aligned2/lisa/lisa10.png
4,./aligned2/lisa/lisa1.png
4,./aligned2/lisa/lisa15.png
4,./aligned2/lisa/lisa9.png
4,./aligned2/lisa/lisa20.png
4,./aligned2/lisa/lisa5.png
4,./aligned2/lisa/lisa3.png
4,./aligned2/lisa/lisa8.png
4,./aligned2/lisa/lisa14.png
4,./aligned2/lisa/lisa16.png
5,./aligned2/rose/rose2.png
5,./aligned2/rose/rose17.png
5,./aligned2/rose/rose19.png
5,./aligned2/rose/rose11.png
5,./aligned2/rose/rose18.png
5,./aligned2/rose/rose10.png
5,./aligned2/rose/rose6.png
5,./aligned2/rose/rose8.png
5,./aligned2/rose/rose1.png
5,./aligned2/rose/rose14.png
5,./aligned2/rose/rose20.png
5,./aligned2/rose/rose3.png
5,./aligned2/rose/rose7.png
5,./aligned2/rose/rose9.png
5,./aligned2/rose/rose16.png
5,./aligned2/rose/rose13.png
5,./aligned2/rose/rose12.png
5,./aligned2/rose/rose4.png
5,./aligned2/rose/rose15.png
5,./aligned2/rose/rose5.png
6,./aligned2/iu/iu6.png
6,./aligned2/iu/iu7.png
6,./aligned2/iu/iu9.png
6,./aligned2/iu/iu16.png
6,./aligned2/iu/iu17.png
6,./aligned2/iu/iu1.png
6,./aligned2/iu/iu14.png
6,./aligned2/iu/iu10.png
6,./aligned2/iu/iu20.png
6,./aligned2/iu/iu8.png
6,./aligned2/iu/iu5.png
6,./aligned2/iu/iu11.png
6,./aligned2/iu/iu15.png
6,./aligned2/iu/iu19.png
6,./aligned2/iu/iu18.png
6,./aligned2/iu/iu12.png
6,./aligned2/iu/iu13.png
6,./aligned2/iu/iu4.png
6,./aligned2/iu/iu3.png
6,./aligned2/iu/iu2.png
7,./aligned2/seolhyun/seolhyun19.png
7,./aligned2/seolhyun/seolhyun1.png
7,./aligned2/seolhyun/seolhyun14.png
7,./aligned2/seolhyun/seolhyun16.png
7,./aligned2/seolhyun/seolhyun12.png
7,./aligned2/seolhyun/seolhyun15.png
7,./aligned2/seolhyun/seolhyun20.png
7,./aligned2/seolhyun/seolhyun10.png
7,./aligned2/seolhyun/seolhyun13.png
7,./aligned2/seolhyun/seolhyun8.png
7,./aligned2/seolhyun/seolhyun4.png
7,./aligned2/seolhyun/seolhyun5.png
7,./aligned2/seolhyun/seolhyun9.png
7,./aligned2/seolhyun/seolhyun2.png
7,./aligned2/seolhyun/seolhyun3.png
7,./aligned2/seolhyun/seolhyun7.png
7,./aligned2/seolhyun/seolhyun18.png
7,./aligned2/seolhyun/seolhyun11.png
